Score,Title,Company,Location,Remote,Date,Source,URL
30,Senior AI Engineer,Lemon.io,Remote,True,2026-07-02,Remotive,https://remotive.com/remote-jobs/artificial-intelligence/senior-ai-engineer-2090986
30,Senior Independent AI Engineer / Architect,A.Team,Remote,True,2026-06-16,Remotive,https://remotive.com/remote-jobs/software-development/senior-independent-ai-engineer-architect-1919266
10,Assistant Account Payable,The Obesity Society,Remote,True,2026-07-12,Remotive,https://remotive.com/remote-jobs/medical/assistant-account-payable-2090989
10,Remote Office Assistant,Coalition Technologies ,Remote,True,2026-07-11,Remotive,https://remotive.com/remote-jobs/marketing/remote-office-assistant-1680495
10,"Staff Software Engineer, Product (Belo Horizonte)",LawnStarter,Remote,True,2026-07-09,Remotive,https://remotive.com/remote-jobs/software-development/staff-software-engineer-product-belo-horizonte-2091056
10,"Staff Software Engineer, Product (Montevideo)",LawnStarter,Remote,True,2026-07-09,Remotive,https://remotive.com/remote-jobs/software-development/staff-software-engineer-product-montevideo-2091058
10,"Staff Software Engineer, Product (São Paulo)",LawnStarter,Remote,True,2026-07-09,Remotive,https://remotive.com/remote-jobs/software-development/staff-software-engineer-product-sao-paulo-2091055
10,"Staff Software Engineer, Product (Mexico City)",LawnStarter,Remote,True,2026-07-09,Remotive,https://remotive.com/remote-jobs/software-development/staff-software-engineer-product-mexico-city-2091050
10,"Staff Software Engineer, Product (Campinas)",LawnStarter,Remote,True,2026-07-09,Remotive,https://remotive.com/remote-jobs/software-development/staff-software-engineer-product-campinas-2091049
10,"Staff Software Engineer, Product (Florianópolis)",LawnStarter,Remote,True,2026-07-09,Remotive,https://remotive.com/remote-jobs/software-development/staff-software-engineer-product-florianopolis-2091059
10,Staff Product Engineer (Mexico City),LawnStarter,Remote,True,2026-07-09,Remotive,https://remotive.com/remote-jobs/product/staff-product-engineer-mexico-city-2091057
10,Staff Product Engineer (Montevideo),LawnStarter,Remote,True,2026-07-09,Remotive,https://remotive.com/remote-jobs/product/staff-product-engineer-montevideo-2091054
10,Staff Product Engineer (Campinas),LawnStarter,Remote,True,2026-07-09,Remotive,https://remotive.com/remote-jobs/product/staff-product-engineer-campinas-2091053
10,Staff Product Engineer (Belo Horizonte),LawnStarter,Remote,True,2026-07-09,Remotive,https://remotive.com/remote-jobs/product/staff-product-engineer-belo-horizonte-2091052
10,Staff Product Engineer (Florianópolis),LawnStarter,Remote,True,2026-07-09,Remotive,https://remotive.com/remote-jobs/product/staff-product-engineer-florianopolis-2091051
10,Product Sales Specialist - Pet Health,Tribe Wellness,Remote,True,2026-07-09,Remotive,https://remotive.com/remote-jobs/sales/product-sales-specialist-pet-health-2091048
10,Inside Sales Contractor,"Credit Wellness, LLC",Remote,True,2026-07-08,Remotive,https://remotive.com/remote-jobs/sales/inside-sales-contractor-2086540
10,High-Ticket Financial Sales Specialist & Team Lead Track,FSE LLC,Remote,True,2026-07-08,Remotive,https://remotive.com/remote-jobs/sales/high-ticket-financial-sales-specialist-team-lead-track-2090949
10,Online Data Analyst Canada,TELUS Digital,Remote,True,2026-07-08,Remotive,https://remotive.com/remote-jobs/all-others/online-data-analyst-canada-2091047
10,Tier III Service Desk Engineer,Unio Digital,Remote,True,2026-07-07,Remotive,https://remotive.com/remote-jobs/information-technology/tier-iii-service-desk-engineer-2091045
10,Freelance Writer,IAPWE,Remote,True,2026-07-04,Remotive,https://remotive.com/remote-jobs/writing/freelance-writer-1185979
10,Freelance Copywriter,Coalition Technologies ,Remote,True,2026-07-02,Remotive,https://remotive.com/remote-jobs/writing/freelance-copywriter-1749306
10,Customer Operations & Writing Specialist,"Clerky, Inc.",Remote,True,2026-07-02,Remotive,https://remotive.com/remote-jobs/customer-service/customer-operations-writing-specialist-2090942
10,Communications Manager,Lemon.io,Remote,True,2026-06-30,Remotive,https://remotive.com/remote-jobs/communications/communications-manager-2090985
10,Client Success Coach (CSM),Impact Clients,Remote,True,2026-06-29,Remotive,https://remotive.com/remote-jobs/customer-service/client-success-coach-csm-2091039
10,Sales Assistant ,Endureed by Global Innovation ,Remote,True,2026-06-26,Remotive,https://remotive.com/remote-jobs/sales/sales-assistant-2091038
10,Mid/Senior AI Cinematic Video Editor,EverAI,Remote,True,2026-06-24,Remotive,https://remotive.com/remote-jobs/artificial-intelligence/mid-senior-ai-cinematic-video-editor-2091035
10,Senior Product Manager,Lemon.io,Remote,True,2026-06-24,Remotive,https://remotive.com/remote-jobs/product/senior-product-manager-2090984
10,Staff Product Engineer (São Paulo),LawnStarter,Remote,True,2026-06-23,Remotive,https://remotive.com/remote-jobs/product/staff-product-engineer-sao-paulo-2091000
10,Senior Quality Engineer (Florianópolis),LawnStarter,Remote,True,2026-06-23,Remotive,https://remotive.com/remote-jobs/qa/senior-quality-engineer-florianopolis-2090994
10,Senior Quality Engineer (São Paulo),LawnStarter,Remote,True,2026-06-23,Remotive,https://remotive.com/remote-jobs/qa/senior-quality-engineer-sao-paulo-2090995
10,Senior Quality Engineer (Belo Horizonte),LawnStarter,Remote,True,2026-06-23,Remotive,https://remotive.com/remote-jobs/qa/senior-quality-engineer-belo-horizonte-2090996
10,Senior Quality Engineer (Campinas),LawnStarter,Remote,True,2026-06-23,Remotive,https://remotive.com/remote-jobs/qa/senior-quality-engineer-campinas-2090998
10,Senior Quality Engineer (Porto Alegre),LawnStarter,Remote,True,2026-06-23,Remotive,https://remotive.com/remote-jobs/qa/senior-quality-engineer-porto-alegre-2090997
10,Mid/Senior AI Cinematic Video Editor,EverAI,Remote,True,2026-06-19,Remotive,https://remotive.com/remote-jobs/artificial-intelligence/mid-senior-ai-cinematic-video-editor-2090887
10,Senior Independent Software Developer,A.Team,Remote,True,2026-06-16,Remotive,https://remotive.com/remote-jobs/software-development/senior-independent-software-developer-1919265
10,Frontend Developer,Quinncia Inc,Remote,True,2026-06-16,Remotive,https://remotive.com/remote-jobs/software-development/frontend-developer-2090991
10,Tech Lead Full-Stack Rails Engineer,Mitre Media,Remote,True,2026-06-14,Remotive,https://remotive.com/remote-jobs/software-development/tech-lead-full-stack-rails-engineer-2069746
Score,Title,Company,Location,Remote,Date,Source,URL
30,Senior AI Engineer,Lemon.io,Remote,True,2026-07-02,Remotive,https://remotive.com/remote-jobs/artificial-intelligence/senior-ai-engineer-2090986
30,Senior Independent AI Engineer / Architect,A.Team,Remote,True,2026-06-16,Remotive,https://remotive.com/remote-jobs/software-development/senior-independent-ai-engineer-architect-1919266
10,Senior Product Engineer (Fullstack),Clipster,Remote,True,2026-07-13,Remotive,https://remotive.com/remote-jobs/software-development/senior-product-engineer-fullstack-2091062
10,Assistant Account Payable,The Obesity Society,Remote,True,2026-07-12,Remotive,https://remotive.com/remote-jobs/medical/assistant-account-payable-2090989
10,Remote Office Assistant,Coalition Technologies ,Remote,True,2026-07-11,Remotive,https://remotive.com/remote-jobs/marketing/remote-office-assistant-1680495
10,"Staff Software Engineer, Product (Belo Horizonte)",LawnStarter,Remote,True,2026-07-09,Remotive,https://remotive.com/remote-jobs/software-development/staff-software-engineer-product-belo-horizonte-2091056
10,"Staff Software Engineer, Product (Montevideo)",LawnStarter,Remote,True,2026-07-09,Remotive,https://remotive.com/remote-jobs/software-development/staff-software-engineer-product-montevideo-2091058
10,"Staff Software Engineer, Product (São Paulo)",LawnStarter,Remote,True,2026-07-09,Remotive,https://remotive.com/remote-jobs/software-development/staff-software-engineer-product-sao-paulo-2091055
10,"Staff Software Engineer, Product (Mexico City)",LawnStarter,Remote,True,2026-07-09,Remotive,https://remotive.com/remote-jobs/software-development/staff-software-engineer-product-mexico-city-2091050
10,"Staff Software Engineer, Product (Campinas)",LawnStarter,Remote,True,2026-07-09,Remotive,https://remotive.com/remote-jobs/software-development/staff-software-engineer-product-campinas-2091049
10,"Staff Software Engineer, Product (Florianópolis)",LawnStarter,Remote,True,2026-07-09,Remotive,https://remotive.com/remote-jobs/software-development/staff-software-engineer-product-florianopolis-2091059
10,Staff Product Engineer (Mexico City),LawnStarter,Remote,True,2026-07-09,Remotive,https://remotive.com/remote-jobs/product/staff-product-engineer-mexico-city-2091057
10,Staff Product Engineer (Montevideo),LawnStarter,Remote,True,2026-07-09,Remotive,https://remotive.com/remote-jobs/product/staff-product-engineer-montevideo-2091054
10,Staff Product Engineer (Campinas),LawnStarter,Remote,True,2026-07-09,Remotive,https://remotive.com/remote-jobs/product/staff-product-engineer-campinas-2091053
10,Staff Product Engineer (Belo Horizonte),LawnStarter,Remote,True,2026-07-09,Remotive,https://remotive.com/remote-jobs/product/staff-product-engineer-belo-horizonte-2091052
10,Staff Product Engineer (Florianópolis),LawnStarter,Remote,True,2026-07-09,Remotive,https://remotive.com/remote-jobs/product/staff-product-engineer-florianopolis-2091051
10,Product Sales Specialist - Pet Health,Tribe Wellness,Remote,True,2026-07-09,Remotive,https://remotive.com/remote-jobs/sales/product-sales-specialist-pet-health-2091048
10,Inside Sales Contractor,"Credit Wellness, LLC",Remote,True,2026-07-08,Remotive,https://remotive.com/remote-jobs/sales/inside-sales-contractor-2086540
10,High-Ticket Financial Sales Specialist & Team Lead Track,FSE LLC,Remote,True,2026-07-08,Remotive,https://remotive.com/remote-jobs/sales/high-ticket-financial-sales-specialist-team-lead-track-2090949
10,Online Data Analyst Canada,TELUS Digital,Remote,True,2026-07-08,Remotive,https://remotive.com/remote-jobs/all-others/online-data-analyst-canada-2091047
10,Tier III Service Desk Engineer,Unio Digital,Remote,True,2026-07-07,Remotive,https://remotive.com/remote-jobs/information-technology/tier-iii-service-desk-engineer-2091045
10,Freelance Writer,IAPWE,Remote,True,2026-07-04,Remotive,https://remotive.com/remote-jobs/writing/freelance-writer-1185979
10,Freelance Copywriter,Coalition Technologies ,Remote,True,2026-07-02,Remotive,https://remotive.com/remote-jobs/writing/freelance-copywriter-1749306
10,Customer Operations & Writing Specialist,"Clerky, Inc.",Remote,True,2026-07-02,Remotive,https://remotive.com/remote-jobs/customer-service/customer-operations-writing-specialist-2090942
10,Communications Manager,Lemon.io,Remote,True,2026-06-30,Remotive,https://remotive.com/remote-jobs/communications/communications-manager-2090985
10,Client Success Coach (CSM),Impact Clients,Remote,True,2026-06-29,Remotive,https://remotive.com/remote-jobs/customer-service/client-success-coach-csm-2091039
10,Sales Assistant ,Endureed by Global Innovation ,Remote,True,2026-06-26,Remotive,https://remotive.com/remote-jobs/sales/sales-assistant-2091038
10,Mid/Senior AI Cinematic Video Editor,EverAI,Remote,True,2026-06-24,Remotive,https://remotive.com/remote-jobs/artificial-intelligence/mid-senior-ai-cinematic-video-editor-2091035
10,Senior Product Manager,Lemon.io,Remote,True,2026-06-24,Remotive,https://remotive.com/remote-jobs/product/senior-product-manager-2090984
10,Staff Product Engineer (São Paulo),LawnStarter,Remote,True,2026-06-23,Remotive,https://remotive.com/remote-jobs/product/staff-product-engineer-sao-paulo-2091000
10,Senior Quality Engineer (Florianópolis),LawnStarter,Remote,True,2026-06-23,Remotive,https://remotive.com/remote-jobs/qa/senior-quality-engineer-florianopolis-2090994
10,Senior Quality Engineer (São Paulo),LawnStarter,Remote,True,2026-06-23,Remotive,https://remotive.com/remote-jobs/qa/senior-quality-engineer-sao-paulo-2090995
10,Senior Quality Engineer (Belo Horizonte),LawnStarter,Remote,True,2026-06-23,Remotive,https://remotive.com/remote-jobs/qa/senior-quality-engineer-belo-horizonte-2090996
10,Senior Quality Engineer (Campinas),LawnStarter,Remote,True,2026-06-23,Remotive,https://remotive.com/remote-jobs/qa/senior-quality-engineer-campinas-2090998
10,Senior Quality Engineer (Porto Alegre),LawnStarter,Remote,True,2026-06-23,Remotive,https://remotive.com/remote-jobs/qa/senior-quality-engineer-porto-alegre-2090997
10,Mid/Senior AI Cinematic Video Editor,EverAI,Remote,True,2026-06-19,Remotive,https://remotive.com/remote-jobs/artificial-intelligence/mid-senior-ai-cinematic-video-editor-2090887
10,Senior Independent Software Developer,A.Team,Remote,True,2026-06-16,Remotive,https://remotive.com/remote-jobs/software-development/senior-independent-software-developer-1919265
10,Frontend Developer,Quinncia Inc,Remote,True,2026-06-16,Remotive,https://remotive.com/remote-jobs/software-development/frontend-developer-2090991
10,Tech Lead Full-Stack Rails Engineer,Mitre Media,Remote,True,2026-06-14,Remotive,https://remotive.com/remote-jobs/software-development/tech-lead-full-stack-rails-engineer-2069746
Score,Title,Company,Location,Remote,Date,Source,URL
30,Senior AI Engineer,Lemon.io,Remote,True,2026-07-02,Remotive,https://remotive.com/remote-jobs/artificial-intelligence/senior-ai-engineer-2090986
30,Senior Independent AI Engineer / Architect,A.Team,Remote,True,2026-06-16,Remotive,https://remotive.com/remote-jobs/software-development/senior-independent-ai-engineer-architect-1919266
10,Senior Product Engineer (Fullstack),Clipster,Remote,True,2026-07-13,Remotive,https://remotive.com/remote-jobs/software-development/senior-product-engineer-fullstack-2091062
10,Assistant Account Payable,The Obesity Society,Remote,True,2026-07-12,Remotive,https://remotive.com/remote-jobs/medical/assistant-account-payable-2090989
10,Remote Office Assistant,Coalition Technologies ,Remote,True,2026-07-11,Remotive,https://remotive.com/remote-jobs/marketing/remote-office-assistant-1680495
10,"Staff Software Engineer, Product (Belo Horizonte)",LawnStarter,Remote,True,2026-07-09,Remotive,https://remotive.com/remote-jobs/software-development/staff-software-engineer-product-belo-horizonte-2091056
10,"Staff Software Engineer, Product (Montevideo)",LawnStarter,Remote,True,2026-07-09,Remotive,https://remotive.com/remote-jobs/software-development/staff-software-engineer-product-montevideo-2091058
10,"Staff Software Engineer, Product (São Paulo)",LawnStarter,Remote,True,2026-07-09,Remotive,https://remotive.com/remote-jobs/software-development/staff-software-engineer-product-sao-paulo-2091055
10,"Staff Software Engineer, Product (Mexico City)",LawnStarter,Remote,True,2026-07-09,Remotive,https://remotive.com/remote-jobs/software-development/staff-software-engineer-product-mexico-city-2091050
10,"Staff Software Engineer, Product (Campinas)",LawnStarter,Remote,True,2026-07-09,Remotive,https://remotive.com/remote-jobs/software-development/staff-software-engineer-product-campinas-2091049
10,"Staff Software Engineer, Product (Florianópolis)",LawnStarter,Remote,True,2026-07-09,Remotive,https://remotive.com/remote-jobs/software-development/staff-software-engineer-product-florianopolis-2091059
10,Staff Product Engineer (Mexico City),LawnStarter,Remote,True,2026-07-09,Remotive,https://remotive.com/remote-jobs/product/staff-product-engineer-mexico-city-2091057
10,Staff Product Engineer (Montevideo),LawnStarter,Remote,True,2026-07-09,Remotive,https://remotive.com/remote-jobs/product/staff-product-engineer-montevideo-2091054
10,Staff Product Engineer (Campinas),LawnStarter,Remote,True,2026-07-09,Remotive,https://remotive.com/remote-jobs/product/staff-product-engineer-campinas-2091053
10,Staff Product Engineer (Belo Horizonte),LawnStarter,Remote,True,2026-07-09,Remotive,https://remotive.com/remote-jobs/product/staff-product-engineer-belo-horizonte-2091052
10,Staff Product Engineer (Florianópolis),LawnStarter,Remote,True,2026-07-09,Remotive,https://remotive.com/remote-jobs/product/staff-product-engineer-florianopolis-2091051
10,Product Sales Specialist - Pet Health,Tribe Wellness,Remote,True,2026-07-09,Remotive,https://remotive.com/remote-jobs/sales/product-sales-specialist-pet-health-2091048
10,Inside Sales Contractor,"Credit Wellness, LLC",Remote,True,2026-07-08,Remotive,https://remotive.com/remote-jobs/sales/inside-sales-contractor-2086540
10,High-Ticket Financial Sales Specialist & Team Lead Track,FSE LLC,Remote,True,2026-07-08,Remotive,https://remotive.com/remote-jobs/sales/high-ticket-financial-sales-specialist-team-lead-track-2090949
10,Online Data Analyst Canada,TELUS Digital,Remote,True,2026-07-08,Remotive,https://remotive.com/remote-jobs/all-others/online-data-analyst-canada-2091047
10,Tier III Service Desk Engineer,Unio Digital,Remote,True,2026-07-07,Remotive,https://remotive.com/remote-jobs/information-technology/tier-iii-service-desk-engineer-2091045
10,Freelance Writer,IAPWE,Remote,True,2026-07-04,Remotive,https://remotive.com/remote-jobs/writing/freelance-writer-1185979
10,Freelance Copywriter,Coalition Technologies ,Remote,True,2026-07-02,Remotive,https://remotive.com/remote-jobs/writing/freelance-copywriter-1749306
10,Customer Operations & Writing Specialist,"Clerky, Inc.",Remote,True,2026-07-02,Remotive,https://remotive.com/remote-jobs/customer-service/customer-operations-writing-specialist-2090942
10,Communications Manager,Lemon.io,Remote,True,2026-06-30,Remotive,https://remotive.com/remote-jobs/communications/communications-manager-2090985
10,Client Success Coach (CSM),Impact Clients,Remote,True,2026-06-29,Remotive,https://remotive.com/remote-jobs/customer-service/client-success-coach-csm-2091039
10,Sales Assistant ,Endureed by Global Innovation ,Remote,True,2026-06-26,Remotive,https://remotive.com/remote-jobs/sales/sales-assistant-2091038
10,Mid/Senior AI Cinematic Video Editor,EverAI,Remote,True,2026-06-24,Remotive,https://remotive.com/remote-jobs/artificial-intelligence/mid-senior-ai-cinematic-video-editor-2091035
10,Senior Product Manager,Lemon.io,Remote,True,2026-06-24,Remotive,https://remotive.com/remote-jobs/product/senior-product-manager-2090984
10,Staff Product Engineer (São Paulo),LawnStarter,Remote,True,2026-06-23,Remotive,https://remotive.com/remote-jobs/product/staff-product-engineer-sao-paulo-2091000
10,Senior Quality Engineer (Florianópolis),LawnStarter,Remote,True,2026-06-23,Remotive,https://remotive.com/remote-jobs/qa/senior-quality-engineer-florianopolis-2090994
10,Senior Quality Engineer (São Paulo),LawnStarter,Remote,True,2026-06-23,Remotive,https://remotive.com/remote-jobs/qa/senior-quality-engineer-sao-paulo-2090995
10,Senior Quality Engineer (Belo Horizonte),LawnStarter,Remote,True,2026-06-23,Remotive,https://remotive.com/remote-jobs/qa/senior-quality-engineer-belo-horizonte-2090996
10,Senior Quality Engineer (Campinas),LawnStarter,Remote,True,2026-06-23,Remotive,https://remotive.com/remote-jobs/qa/senior-quality-engineer-campinas-2090998
10,Senior Quality Engineer (Porto Alegre),LawnStarter,Remote,True,2026-06-23,Remotive,https://remotive.com/remote-jobs/qa/senior-quality-engineer-porto-alegre-2090997
10,Mid/Senior AI Cinematic Video Editor,EverAI,Remote,True,2026-06-19,Remotive,https://remotive.com/remote-jobs/artificial-intelligence/mid-senior-ai-cinematic-video-editor-2090887
10,Senior Independent Software Developer,A.Team,Remote,True,2026-06-16,Remotive,https://remotive.com/remote-jobs/software-development/senior-independent-software-developer-1919265
10,Frontend Developer,Quinncia Inc,Remote,True,2026-06-16,Remotive,https://remotive.com/remote-jobs/software-development/frontend-developer-2090991
Score,Title,Company,Location,Remote,Date,Source,URL
30,Senior AI Engineer,Lemon.io,Remote,True,2026-07-02,Remotive,https://remotive.com/remote-jobs/artificial-intelligence/senior-ai-engineer-2090986
10,Tech Lead Full-Stack Rails Engineer,Mitre Media,Remote,True,2026-07-14,Remotive,https://remotive.com/remote-jobs/software-development/tech-lead-full-stack-rails-engineer-2069746
10,Senior DevOps Engineer,Lemon.io,Remote,True,2026-07-14,Remotive,https://remotive.com/remote-jobs/devops/senior-devops-engineer-2091067
10,Senior Product Engineer (Fullstack),Clipster,Remote,True,2026-07-13,Remotive,https://remotive.com/remote-jobs/software-development/senior-product-engineer-fullstack-2091062
10,Assistant Account Payable,The Obesity Society,Remote,True,2026-07-12,Remotive,https://remotive.com/remote-jobs/medical/assistant-account-payable-2090989
10,Remote Office Assistant,Coalition Technologies ,Remote,True,2026-07-11,Remotive,https://remotive.com/remote-jobs/marketing/remote-office-assistant-1680495
10,"Staff Software Engineer, Product (Belo Horizonte)",LawnStarter,Remote,True,2026-07-09,Remotive,https://remotive.com/remote-jobs/software-development/staff-software-engineer-product-belo-horizonte-2091056
10,"Staff Software Engineer, Product (Montevideo)",LawnStarter,Remote,True,2026-07-09,Remotive,https://remotive.com/remote-jobs/software-development/staff-software-engineer-product-montevideo-2091058
10,"Staff Software Engineer, Product (São Paulo)",LawnStarter,Remote,True,2026-07-09,Remotive,https://remotive.com/remote-jobs/software-development/staff-software-engineer-product-sao-paulo-2091055
10,"Staff Software Engineer, Product (Mexico City)",LawnStarter,Remote,True,2026-07-09,Remotive,https://remotive.com/remote-jobs/software-development/staff-software-engineer-product-mexico-city-2091050
10,"Staff Software Engineer, Product (Campinas)",LawnStarter,Remote,True,2026-07-09,Remotive,https://remotive.com/remote-jobs/software-development/staff-software-engineer-product-campinas-2091049
10,"Staff Software Engineer, Product (Florianópolis)",LawnStarter,Remote,True,2026-07-09,Remotive,https://remotive.com/remote-jobs/software-development/staff-software-engineer-product-florianopolis-2091059
10,Staff Product Engineer (Mexico City),LawnStarter,Remote,True,2026-07-09,Remotive,https://remotive.com/remote-jobs/product/staff-product-engineer-mexico-city-2091057
10,Staff Product Engineer (Montevideo),LawnStarter,Remote,True,2026-07-09,Remotive,https://remotive.com/remote-jobs/product/staff-product-engineer-montevideo-2091054
10,Staff Product Engineer (Campinas),LawnStarter,Remote,True,2026-07-09,Remotive,https://remotive.com/remote-jobs/product/staff-product-engineer-campinas-2091053
10,Staff Product Engineer (Belo Horizonte),LawnStarter,Remote,True,2026-07-09,Remotive,https://remotive.com/remote-jobs/product/staff-product-engineer-belo-horizonte-2091052
10,Staff Product Engineer (Florianópolis),LawnStarter,Remote,True,2026-07-09,Remotive,https://remotive.com/remote-jobs/product/staff-product-engineer-florianopolis-2091051
10,Product Sales Specialist - Pet Health,Tribe Wellness,Remote,True,2026-07-09,Remotive,https://remotive.com/remote-jobs/sales/product-sales-specialist-pet-health-2091048
10,Inside Sales Contractor,"Credit Wellness, LLC",Remote,True,2026-07-08,Remotive,https://remotive.com/remote-jobs/sales/inside-sales-contractor-2086540
10,High-Ticket Financial Sales Specialist & Team Lead Track,FSE LLC,Remote,True,2026-07-08,Remotive,https://remotive.com/remote-jobs/sales/high-ticket-financial-sales-specialist-team-lead-track-2090949
10,Online Data Analyst Canada (French Language) (C),TELUS Digital,Remote,True,2026-07-08,Remotive,https://remotive.com/remote-jobs/all-others/online-data-analyst-canada-french-language-c-2091047
10,Tier III Service Desk Engineer,Unio Digital,Remote,True,2026-07-07,Remotive,https://remotive.com/remote-jobs/information-technology/tier-iii-service-desk-engineer-2091045
10,Freelance Writer,IAPWE,Remote,True,2026-07-04,Remotive,https://remotive.com/remote-jobs/writing/freelance-writer-1185979
10,Freelance Copywriter,Coalition Technologies ,Remote,True,2026-07-02,Remotive,https://remotive.com/remote-jobs/writing/freelance-copywriter-1749306
10,Customer Operations & Writing Specialist,"Clerky, Inc.",Remote,True,2026-07-02,Remotive,https://remotive.com/remote-jobs/customer-service/customer-operations-writing-specialist-2090942
10,Data Labeling Specialists,Workada,Remote,True,2026-07-01,Remotive,https://remotive.com/remote-jobs/data/data-labeling-specialists-2090903
10,Communications Manager,Lemon.io,Remote,True,2026-06-30,Remotive,https://remotive.com/remote-jobs/communications/communications-manager-2090985
10,Client Success Coach (CSM),Impact Clients,Remote,True,2026-06-29,Remotive,https://remotive.com/remote-jobs/customer-service/client-success-coach-csm-2091039
10,Sales Assistant ,Endureed by Global Innovation ,Remote,True,2026-06-26,Remotive,https://remotive.com/remote-jobs/sales/sales-assistant-2091038
10,Mid/Senior AI Cinematic Video Editor,EverAI,Remote,True,2026-06-24,Remotive,https://remotive.com/remote-jobs/artificial-intelligence/mid-senior-ai-cinematic-video-editor-2091035
10,Senior Product Manager,Lemon.io,Remote,True,2026-06-24,Remotive,https://remotive.com/remote-jobs/product/senior-product-manager-2090984
10,Staff Product Engineer (São Paulo),LawnStarter,Remote,True,2026-06-23,Remotive,https://remotive.com/remote-jobs/product/staff-product-engineer-sao-paulo-2091000
10,Senior Quality Engineer (Florianópolis),LawnStarter,Remote,True,2026-06-23,Remotive,https://remotive.com/remote-jobs/qa/senior-quality-engineer-florianopolis-2090994
10,Senior Quality Engineer (São Paulo),LawnStarter,Remote,True,2026-06-23,Remotive,https://remotive.com/remote-jobs/qa/senior-quality-engineer-sao-paulo-2090995
10,Senior Quality Engineer (Belo Horizonte),LawnStarter,Remote,True,2026-06-23,Remotive,https://remotive.com/remote-jobs/qa/senior-quality-engineer-belo-horizonte-2090996
10,Senior Quality Engineer (Campinas),LawnStarter,Remote,True,2026-06-23,Remotive,https://remotive.com/remote-jobs/qa/senior-quality-engineer-campinas-2090998
10,Senior Quality Engineer (Porto Alegre),LawnStarter,Remote,True,2026-06-23,Remotive,https://remotive.com/remote-jobs/qa/senior-quality-engineer-porto-alegre-2090997
10,Mid/Senior AI Cinematic Video Editor,EverAI,Remote,True,2026-06-19,Remotive,https://remotive.com/remote-jobs/artificial-intelligence/mid-senior-ai-cinematic-video-editor-2090887
10,Frontend Developer,Quinncia Inc,Remote,True,2026-06-16,Remotive,https://remotive.com/remote-jobs/software-development/frontend-developer-2090991
Score,Title,Company,Location,Remote,Date,Source,URL
30,Senior Independent AI Engineer / Architect,A.Team,Remote,True,2026-07-16,Remotive,https://remotive.com/remote-jobs/software-development/senior-independent-ai-engineer-architect-1919266
30,Senior AI Engineer,Lemon.io,Remote,True,2026-07-02,Remotive,https://remotive.com/remote-jobs/artificial-intelligence/senior-ai-engineer-2090986
10,Senior Independent Software Developer,A.Team,Remote,True,2026-07-16,Remotive,https://remotive.com/remote-jobs/software-development/senior-independent-software-developer-1919265
10,Head of Marketing & Communications,garden3d,Remote,True,2026-07-16,Remotive,https://remotive.com/remote-jobs/marketing/head-of-marketing-communications-2091068
10,Tech Lead Full-Stack Rails Engineer,Mitre Media,Remote,True,2026-07-14,Remotive,https://remotive.com/remote-jobs/software-development/tech-lead-full-stack-rails-engineer-2069746
10,Senior DevOps Engineer,Lemon.io,Remote,True,2026-07-14,Remotive,https://remotive.com/remote-jobs/devops/senior-devops-engineer-2091067
10,Senior Product Engineer (Fullstack),Clipster,Remote,True,2026-07-13,Remotive,https://remotive.com/remote-jobs/software-development/senior-product-engineer-fullstack-2091062
10,Assistant Account Payable,The Obesity Society,Remote,True,2026-07-12,Remotive,https://remotive.com/remote-jobs/medical/assistant-account-payable-2090989
10,Remote Office Assistant,Coalition Technologies ,Remote,True,2026-07-11,Remotive,https://remotive.com/remote-jobs/marketing/remote-office-assistant-1680495
10,"Staff Software Engineer, Product (Belo Horizonte)",LawnStarter,Remote,True,2026-07-09,Remotive,https://remotive.com/remote-jobs/software-development/staff-software-engineer-product-belo-horizonte-2091056
10,"Staff Software Engineer, Product (Montevideo)",LawnStarter,Remote,True,2026-07-09,Remotive,https://remotive.com/remote-jobs/software-development/staff-software-engineer-product-montevideo-2091058
10,"Staff Software Engineer, Product (São Paulo)",LawnStarter,Remote,True,2026-07-09,Remotive,https://remotive.com/remote-jobs/software-development/staff-software-engineer-product-sao-paulo-2091055
10,"Staff Software Engineer, Product (Mexico City)",LawnStarter,Remote,True,2026-07-09,Remotive,https://remotive.com/remote-jobs/software-development/staff-software-engineer-product-mexico-city-2091050
10,"Staff Software Engineer, Product (Campinas)",LawnStarter,Remote,True,2026-07-09,Remotive,https://remotive.com/remote-jobs/software-development/staff-software-engineer-product-campinas-2091049
10,"Staff Software Engineer, Product (Florianópolis)",LawnStarter,Remote,True,2026-07-09,Remotive,https://remotive.com/remote-jobs/software-development/staff-software-engineer-product-florianopolis-2091059
10,Staff Product Engineer (Mexico City),LawnStarter,Remote,True,2026-07-09,Remotive,https://remotive.com/remote-jobs/product/staff-product-engineer-mexico-city-2091057
10,Staff Product Engineer (Montevideo),LawnStarter,Remote,True,2026-07-09,Remotive,https://remotive.com/remote-jobs/product/staff-product-engineer-montevideo-2091054
10,Staff Product Engineer (Campinas),LawnStarter,Remote,True,2026-07-09,Remotive,https://remotive.com/remote-jobs/product/staff-product-engineer-campinas-2091053
10,Staff Product Engineer (Belo Horizonte),LawnStarter,Remote,True,2026-07-09,Remotive,https://remotive.com/remote-jobs/product/staff-product-engineer-belo-horizonte-2091052
10,Staff Product Engineer (Florianópolis),LawnStarter,Remote,True,2026-07-09,Remotive,https://remotive.com/remote-jobs/product/staff-product-engineer-florianopolis-2091051
10,Product Sales Specialist - Pet Health,Tribe Wellness,Remote,True,2026-07-09,Remotive,https://remotive.com/remote-jobs/sales/product-sales-specialist-pet-health-2091048
10,Inside Sales Contractor,"Credit Wellness, LLC",Remote,True,2026-07-08,Remotive,https://remotive.com/remote-jobs/sales/inside-sales-contractor-2086540
10,High-Ticket Financial Sales Specialist & Team Lead Track,FSE LLC,Remote,True,2026-07-08,Remotive,https://remotive.com/remote-jobs/sales/high-ticket-financial-sales-specialist-team-lead-track-2090949
10,Online Data Analyst Canada (French Language) (C),TELUS Digital,Remote,True,2026-07-08,Remotive,https://remotive.com/remote-jobs/all-others/online-data-analyst-canada-french-language-c-2091047
10,Tier III Service Desk Engineer,Unio Digital,Remote,True,2026-07-07,Remotive,https://remotive.com/remote-jobs/information-technology/tier-iii-service-desk-engineer-2091045
10,Freelance Writer,IAPWE,Remote,True,2026-07-04,Remotive,https://remotive.com/remote-jobs/writing/freelance-writer-1185979
10,Freelance Copywriter,Coalition Technologies ,Remote,True,2026-07-02,Remotive,https://remotive.com/remote-jobs/writing/freelance-copywriter-1749306
10,Customer Operations & Writing Specialist,"Clerky, Inc.",Remote,True,2026-07-02,Remotive,https://remotive.com/remote-jobs/customer-service/customer-operations-writing-specialist-2090942
10,Data Labeling Specialists,Workada,Remote,True,2026-07-01,Remotive,https://remotive.com/remote-jobs/data/data-labeling-specialists-2090903
10,Communications Manager,Lemon.io,Remote,True,2026-06-30,Remotive,https://remotive.com/remote-jobs/communications/communications-manager-2090985
10,Client Success Coach (CSM),Impact Clients,Remote,True,2026-06-29,Remotive,https://remotive.com/remote-jobs/customer-service/client-success-coach-csm-2091039
10,Sales Assistant ,Endureed by Global Innovation ,Remote,True,2026-06-26,Remotive,https://remotive.com/remote-jobs/sales/sales-assistant-2091038
10,Mid/Senior AI Cinematic Video Editor,EverAI,Remote,True,2026-06-24,Remotive,https://remotive.com/remote-jobs/artificial-intelligence/mid-senior-ai-cinematic-video-editor-2091035
10,Senior Product Manager,Lemon.io,Remote,True,2026-06-24,Remotive,https://remotive.com/remote-jobs/product/senior-product-manager-2090984
10,Staff Product Engineer (São Paulo),LawnStarter,Remote,True,2026-06-23,Remotive,https://remotive.com/remote-jobs/product/staff-product-engineer-sao-paulo-2091000
10,Senior Quality Engineer (Florianópolis),LawnStarter,Remote,True,2026-06-23,Remotive,https://remotive.com/remote-jobs/qa/senior-quality-engineer-florianopolis-2090994
10,Senior Quality Engineer (São Paulo),LawnStarter,Remote,True,2026-06-23,Remotive,https://remotive.com/remote-jobs/qa/senior-quality-engineer-sao-paulo-2090995
10,Senior Quality Engineer (Belo Horizonte),LawnStarter,Remote,True,2026-06-23,Remotive,https://remotive.com/remote-jobs/qa/senior-quality-engineer-belo-horizonte-2090996
10,Senior Quality Engineer (Campinas),LawnStarter,Remote,True,2026-06-23,Remotive,https://remotive.com/remote-jobs/qa/senior-quality-engineer-campinas-2090998
10,Senior Quality Engineer (Porto Alegre),LawnStarter,Remote,True,2026-06-23,Remotive,https://remotive.com/remote-jobs/qa/senior-quality-engineer-porto-alegre-2090997
10,Mid/Senior AI Cinematic Video Editor,EverAI,Remote,True,2026-06-19,Remotive,https://remotive.com/remote-jobs/artificial-intelligence/mid-senior-ai-cinematic-video-editor-2090887
Score,Title,Company,Location,Remote,Date,Source,URL
30,Senior Independent AI Engineer / Architect,A.Team,Remote,True,2026-07-16,Remotive,https://remotive.com/remote-jobs/software-development/senior-independent-ai-engineer-architect-1919266
30,Senior AI Engineer,Lemon.io,Remote,True,2026-07-02,Remotive,https://remotive.com/remote-jobs/artificial-intelligence/senior-ai-engineer-2090986
10,Patient Care Specialist,STATLINX,Remote,True,2026-07-16,Remotive,https://remotive.com/remote-jobs/medical/patient-care-specialist-2091069
10,Senior Independent Software Developer,A.Team,Remote,True,2026-07-16,Remotive,https://remotive.com/remote-jobs/software-development/senior-independent-software-developer-1919265
10,Head of Marketing & Communications,garden3d,Remote,True,2026-07-16,Remotive,https://remotive.com/remote-jobs/marketing/head-of-marketing-communications-2091068
10,Tech Lead Full-Stack Rails Engineer,Mitre Media,Remote,True,2026-07-14,Remotive,https://remotive.com/remote-jobs/software-development/tech-lead-full-stack-rails-engineer-2069746
10,Senior DevOps Engineer,Lemon.io,Remote,True,2026-07-14,Remotive,https://remotive.com/remote-jobs/devops/senior-devops-engineer-2091067
10,Senior Product Engineer (Fullstack),Clipster,Remote,True,2026-07-13,Remotive,https://remotive.com/remote-jobs/software-development/senior-product-engineer-fullstack-2091062
10,Assistant Account Payable,The Obesity Society,Remote,True,2026-07-12,Remotive,https://remotive.com/remote-jobs/medical/assistant-account-payable-2090989
10,Remote Office Assistant,Coalition Technologies ,Remote,True,2026-07-11,Remotive,https://remotive.com/remote-jobs/marketing/remote-office-assistant-1680495
10,"Staff Software Engineer, Product (Belo Horizonte)",LawnStarter,Remote,True,2026-07-09,Remotive,https://remotive.com/remote-jobs/software-development/staff-software-engineer-product-belo-horizonte-2091056
10,"Staff Software Engineer, Product (Montevideo)",LawnStarter,Remote,True,2026-07-09,Remotive,https://remotive.com/remote-jobs/software-development/staff-software-engineer-product-montevideo-2091058
10,"Staff Software Engineer, Product (São Paulo)",LawnStarter,Remote,True,2026-07-09,Remotive,https://remotive.com/remote-jobs/software-development/staff-software-engineer-product-sao-paulo-2091055
10,"Staff Software Engineer, Product (Mexico City)",LawnStarter,Remote,True,2026-07-09,Remotive,https://remotive.com/remote-jobs/software-development/staff-software-engineer-product-mexico-city-2091050
10,"Staff Software Engineer, Product (Campinas)",LawnStarter,Remote,True,2026-07-09,Remotive,https://remotive.com/remote-jobs/software-development/staff-software-engineer-product-campinas-2091049
10,"Staff Software Engineer, Product (Florianópolis)",LawnStarter,Remote,True,2026-07-09,Remotive,https://remotive.com/remote-jobs/software-development/staff-software-engineer-product-florianopolis-2091059
10,Staff Product Engineer (Mexico City),LawnStarter,Remote,True,2026-07-09,Remotive,https://remotive.com/remote-jobs/product/staff-product-engineer-mexico-city-2091057
10,Staff Product Engineer (Montevideo),LawnStarter,Remote,True,2026-07-09,Remotive,https://remotive.com/remote-jobs/product/staff-product-engineer-montevideo-2091054
10,Staff Product Engineer (Campinas),LawnStarter,Remote,True,2026-07-09,Remotive,https://remotive.com/remote-jobs/product/staff-product-engineer-campinas-2091053
10,Staff Product Engineer (Belo Horizonte),LawnStarter,Remote,True,2026-07-09,Remotive,https://remotive.com/remote-jobs/product/staff-product-engineer-belo-horizonte-2091052
10,Staff Product Engineer (Florianópolis),LawnStarter,Remote,True,2026-07-09,Remotive,https://remotive.com/remote-jobs/product/staff-product-engineer-florianopolis-2091051
10,Product Sales Specialist - Pet Health,Tribe Wellness,Remote,True,2026-07-09,Remotive,https://remotive.com/remote-jobs/sales/product-sales-specialist-pet-health-2091048
10,Inside Sales Contractor,"Credit Wellness, LLC",Remote,True,2026-07-08,Remotive,https://remotive.com/remote-jobs/sales/inside-sales-contractor-2086540
10,High-Ticket Financial Sales Specialist & Team Lead Track,FSE LLC,Remote,True,2026-07-08,Remotive,https://remotive.com/remote-jobs/sales/high-ticket-financial-sales-specialist-team-lead-track-2090949
10,Online Data Analyst Canada (French Language) (C),TELUS Digital,Remote,True,2026-07-08,Remotive,https://remotive.com/remote-jobs/all-others/online-data-analyst-canada-french-language-c-2091047
10,Tier III Service Desk Engineer,Unio Digital,Remote,True,2026-07-07,Remotive,https://remotive.com/remote-jobs/information-technology/tier-iii-service-desk-engineer-2091045
10,Freelance Writer,IAPWE,Remote,True,2026-07-04,Remotive,https://remotive.com/remote-jobs/writing/freelance-writer-1185979
10,Freelance Copywriter,Coalition Technologies ,Remote,True,2026-07-02,Remotive,https://remotive.com/remote-jobs/writing/freelance-copywriter-1749306
10,Customer Operations & Writing Specialist,"Clerky, Inc.",Remote,True,2026-07-02,Remotive,https://remotive.com/remote-jobs/customer-service/customer-operations-writing-specialist-2090942
10,Data Labeling Specialists,Workada,Remote,True,2026-07-01,Remotive,https://remotive.com/remote-jobs/data/data-labeling-specialists-2090903
10,Communications Manager,Lemon.io,Remote,True,2026-06-30,Remotive,https://remotive.com/remote-jobs/communications/communications-manager-2090985
10,Client Success Coach (CSM),Impact Clients,Remote,True,2026-06-29,Remotive,https://remotive.com/remote-jobs/customer-service/client-success-coach-csm-2091039
10,Sales Assistant ,Endureed by Global Innovation ,Remote,True,2026-06-26,Remotive,https://remotive.com/remote-jobs/sales/sales-assistant-2091038
10,Mid/Senior AI Cinematic Video Editor,EverAI,Remote,True,2026-06-24,Remotive,https://remotive.com/remote-jobs/artificial-intelligence/mid-senior-ai-cinematic-video-editor-2091035
10,Senior Product Manager,Lemon.io,Remote,True,2026-06-24,Remotive,https://remotive.com/remote-jobs/product/senior-product-manager-2090984
10,Staff Product Engineer (São Paulo),LawnStarter,Remote,True,2026-06-23,Remotive,https://remotive.com/remote-jobs/product/staff-product-engineer-sao-paulo-2091000
10,Senior Quality Engineer (Florianópolis),LawnStarter,Remote,True,2026-06-23,Remotive,https://remotive.com/remote-jobs/qa/senior-quality-engineer-florianopolis-2090994
10,Senior Quality Engineer (São Paulo),LawnStarter,Remote,True,2026-06-23,Remotive,https://remotive.com/remote-jobs/qa/senior-quality-engineer-sao-paulo-2090995
10,Senior Quality Engineer (Belo Horizonte),LawnStarter,Remote,True,2026-06-23,Remotive,https://remotive.com/remote-jobs/qa/senior-quality-engineer-belo-horizonte-2090996
10,Senior Quality Engineer (Campinas),LawnStarter,Remote,True,2026-06-23,Remotive,https://remotive.com/remote-jobs/qa/senior-quality-engineer-campinas-2090998
10,Senior Quality Engineer (Porto Alegre),LawnStarter,Remote,True,2026-06-23,Remotive,https://remotive.com/remote-jobs/qa/senior-quality-engineer-porto-alegre-2090997
10,Mid/Senior AI Cinematic Video Editor,EverAI,Remote,True,2026-06-19,Remotive,https://remotive.com/remote-jobs/artificial-intelligence/mid-senior-ai-cinematic-video-editor-2090887
