Time,Status,Duration(sec),Jobs,Telegram,sources
2026-07-14 02:26:37,SUCCESS,40.96,114,Yes,Remotive
2026-07-14 03:20:40,SUCCESS,18.12,76,Yes,Remotive
2026-07-14 03:34:17,SUCCESS,62.06,0,No,Remotive
2026-07-14 03:39:54,SUCCESS,27.72,38,Yes,Remotive
2026-07-14 10:07:52,SUCCESS,7.14,114,Yes,Remotive
2026-07-14 11:09:06,SUCCESS,6.91,114,Yes,Remotive
2026-07-14 11:10:02,SUCCESS,6.63,38,Yes,Remotive
2026-07-14 11:25:44,SUCCESS,24.59,38,Yes,Remotive
2026-07-14 12:10:08,SUCCESS,25.1,38,Yes,Remotive
2026-07-14 12:30:52,SUCCESS,25.14,38,Yes,Remotive
2026-07-14 12:44:38,SUCCESS,25.97,38,Yes,Remotive
2026-07-14 12:46:29,SUCCESS,25.62,38,Yes,Remotive
2026-07-14 12:52:54,SUCCESS,25.14,38,Yes,Remotive
2026-07-14 12:54:00,SUCCESS,39.75,38,Yes,Remotive
2026-07-14 12:58:59,SUCCESS,25.35,38,Yes,Remotive
2026-07-14 06:42:55,SUCCESS,13.15,38,Yes,Remotive
2026-07-15 08:18:04,SUCCESS,13.35,39,Yes,Remotive
2026-07-16 08:18:42,SUCCESS,13.21,38,Yes,Remotive
2026-07-17 08:14:14,SUCCESS,13.72,39,Yes,Remotive
